date,new_cases,new_deaths,cumulative_cases,cumulative_deaths
2020-01-01,0.0,0.0,0.0,0.0
2020-01-02,0.0,0.0,0.0,0.0
2020-01-03,0.0,0.0,0.0,0.0
2020-01-04,3.0,0.0,3.0,0.0
2020-01-05,0.0,3.0,2.0,3.0
2020-01-06,3.0,0.0,5.0,3.0
2020-01-07,0.0,0.0,5.0,3.0
2020-01-08,1.0,0.0,6.0,3.0
2020-01-09,0.0,0.0,6.0,3.0
2020-01-10,0.0,0.0,6.0,3.0
2020-01-11,0.0,0.0,6.0,3.0
2020-01-12,41.0,1.0,47.0,4.0
2020-01-13,1.0,0.0,48.0,4.0
2020-01-14,1.0,0.0,49.0,4.0
2020-01-15,0.0,0.0,49.0,4.0
2020-01-16,0.0,0.0,49.0,4.0
2020-01-17,5.0,1.0,54.0,5.0
2020-01-18,0.0,0.0,54.0,5.0
2020-01-19,79.0,1.0,133.0,6.0
2020-01-20,78.0,1.0,211.0,7.0
2020-01-21,93.0,2.0,304.0,9.0
2020-01-22,147.0,11.0,451.0,20.0
2020-01-23,135.0,1.0,586.0,21.0
2020-01-24,263.0,8.0,849.0,29.0
2020-01-25,473.0,16.0,1322.0,45.0
2020-01-26,706.0,17.0,2028.0,62.0
2020-01-27,778.0,26.0,2806.0,88.0
2020-01-28,1787.0,49.0,4593.0,137.0
2020-01-29,1469.0,2.0,6062.0,139.0
2020-01-30,1758.0,38.0,7820.0,177.0
2020-01-31,2002.0,42.0,9822.0,219.0
2020-02-01,2118.0,47.0,11940.0,266.0
2020-02-02,2618.0,106.0,14558.0,372.0
2020-02-03,2836.0,64.0,17394.0,436.0
2020-02-04,3243.0,67.0,20637.0,503.0
2020-02-05,3942.0,72.0,24579.0,575.0
2020-02-06,3712.0,70.0,28291.0,645.0
2020-02-07,3159.0,85.0,31446.0,730.0
2020-02-08,3401.0,87.0,34847.0,817.0
2020-02-09,2699.0,100.0,37546.0,917.0
2020-02-10,2993.0,107.0,40539.0,1024.0
2020-02-11,2479.0,100.0,43018.0,1124.0
2020-02-12,2030.0,5.0,45048.0,1129.0
2020-02-13,15168.0,253.0,60216.0,1382.0
2020-02-14,4068.0,152.0,64284.0,1534.0
2020-02-15,2664.0,142.0,66948.0,1676.0
2020-02-16,2040.0,105.0,68988.0,1781.0
2020-02-17,2063.0,98.0,71051.0,1879.0
2020-02-18,1904.0,139.0,72955.0,2018.0
2020-02-19,1799.0,113.0,74754.0,2131.0
2020-02-20,424.0,125.0,75178.0,2256.0
2020-02-21,994.0,0.0,76172.0,2256.0
2020-02-22,1068.0,209.0,77240.0,2465.0
2020-02-23,990.0,6.0,78230.0,2471.0
2020-02-24,516.0,159.0,78746.0,2630.0
2020-02-25,798.0,79.0,79544.0,2709.0
2020-02-26,845.0,62.0,80389.0,2771.0
2020-02-27,1089.0,38.0,81478.0,2809.0
2020-02-28,1202.0,57.0,82680.0,2866.0
2020-02-29,1816.0,64.0,84496.0,2930.0
2020-03-01,2002.0,55.0,86498.0,2985.0
2020-03-02,1944.0,68.0,88442.0,3053.0
2020-03-03,1788.0,68.0,90230.0,3121.0
2020-03-04,2219.0,87.0,92449.0,3208.0
2020-03-05,2165.0,89.0,94614.0,3297.0
2020-03-06,2491.0,98.0,97105.0,3395.0
2020-03-07,3244.0,102.0,100349.0,3497.0
2020-03-08,6350.0,138.0,106699.0,3635.0
2020-03-09,3272.0,223.0,109971.0,3858.0
2020-03-10,3861.0,173.0,113832.0,4031.0
2020-03-11,3929.0,269.0,117761.0,4300.0
2020-03-12,6004.0,305.0,123765.0,4605.0
2020-03-13,6735.0,319.0,130500.0,4924.0
2020-03-14,7328.0,402.0,137828.0,5326.0
2020-03-15,29308.0,963.0,167136.0,6289.0
2020-03-16,8569.0,564.0,175705.0,6853.0
2020-03-17,10349.0,588.0,186054.0,7441.0
2020-03-18,11530.0,637.0,197584.0,8078.0
2020-03-19,14171.0,792.0,211755.0,8870.0
2020-03-20,17032.0,823.0,228787.0,9693.0
2020-03-21,20487.0,1064.0,249274.0,10757.0
2020-03-22,89130.0,5228.0,338404.0,15985.0
2020-03-23,22444.0,1194.0,360848.0,17179.0
2020-03-24,26536.0,1236.0,387384.0,18415.0
2020-03-25,30003.0,1496.0,417387.0,19911.0
2020-03-26,31274.0,1598.0,448661.0,21509.0
2020-03-27,37991.0,1830.0,486652.0,23339.0
2020-03-28,44649.0,2259.0,531301.0,25598.0
2020-03-29,158473.0,12672.0,689774.0,38270.0
2020-03-30,43204.0,2419.0,732978.0,40689.0
2020-03-31,49018.0,2900.0,781863.0,43589.0
2020-04-01,43898.0,3026.0,825761.0,46615.0
2020-04-02,52032.0,3421.0,877793.0,50036.0
2020-04-03,58901.0,3795.0,936694.0,53831.0
2020-04-04,60785.0,4131.0,997479.0,57962.0
2020-04-05,158397.0,17150.0,1155876.0,75112.0
2020-04-06,59771.0,4400.0,1215647.0,79512.0
2020-04-07,54651.0,4878.0,1270298.0,84390.0
2020-04-08,60368.0,4726.0,1330666.0,89110.0
2020-04-09,63571.0,5292.0,1394237.0,94402.0
2020-04-10,69610.0,5704.0,1463847.0,100106.0
2020-04-11,72686.0,5608.0,1536533.0,105714.0
2020-04-12,143412.0,17071.0,1679945.0,122785.0
2020-04-13,64312.0,5501.0,1744257.0,128286.0
2020-04-14,57658.0,5209.0,1801915.0,133495.0
2020-04-15,57141.0,5377.0,1859027.0,138872.0
2020-04-16,62461.0,5867.0,1921488.0,144739.0
2020-04-17,67012.0,6215.0,1988500.0,150954.0
2020-04-18,73957.0,7316.0,2062457.0,158270.0
2020-04-19,124254.0,14468.0,2186711.0,172738.0
2020-04-20,66360.0,5087.0,2253071.0,177825.0
2020-04-21,64586.0,5180.0,2317657.0,183005.0
2020-04-22,65251.0,5465.0,2382908.0,188470.0
2020-04-23,66868.0,5909.0,2449776.0,194378.0
2020-04-24,72469.0,5584.0,2522245.0,199962.0
2020-04-25,89145.0,5489.0,2611390.0,205451.0
2020-04-26,115307.0,11690.0,2726697.0,217141.0
2020-04-27,76030.0,4954.0,2802727.0,222095.0
2020-04-28,65238.0,4637.0,2867965.0,226729.0
2020-04-29,65101.0,4933.0,2933066.0,231662.0
2020-04-30,70626.0,5456.0,3003692.0,237118.0
2020-05-01,75957.0,5726.0,3079649.0,242844.0
2020-05-02,83731.0,5596.0,3163380.0,248440.0
2020-05-03,108743.0,9830.0,3272123.0,258270.0
2020-05-04,77573.0,4794.0,3349696.0,263063.0
2020-05-05,76371.0,4450.0,3426067.0,267513.0
2020-05-06,72591.0,4424.0,3498658.0,271937.0
2020-05-07,77516.0,6041.0,3573713.0,277978.0
2020-05-08,84826.0,5791.0,3658539.0,283769.0
2020-05-09,88969.0,5552.0,3746028.0,289321.0
2020-05-10,107323.0,7866.0,3853351.0,297187.0
2020-05-11,85706.0,5168.0,3939057.0,302355.0
2020-05-12,70334.0,4191.0,4009341.0,306546.0
2020-05-13,75931.0,4132.0,4085272.0,310678.0
2020-05-14,82894.0,5098.0,4168146.0,315776.0
2020-05-15,83845.0,4925.0,4251991.0,320701.0
2020-05-16,98815.0,5501.0,4350806.0,326202.0
2020-05-17,112741.0,7146.0,4463547.0,333348.0
2020-05-18,93696.0,4688.0,4557243.0,338036.0
2020-05-19,76644.0,3930.0,4633887.0,341966.0
2020-05-20,91701.0,4306.0,4725588.0,346272.0
2020-05-21,100232.0,5094.0,4825820.0,351366.0
2020-05-22,105370.0,5004.0,4931190.0,356370.0
2020-05-23,103881.0,4931.0,5035071.0,361301.0
2020-05-24,124858.0,6790.0,5159929.0,368091.0
2020-05-25,95475.0,4225.0,5255404.0,372316.0
2020-05-26,91086.0,4056.0,5346490.0,376372.0
2020-05-27,87109.0,4146.0,5433599.0,380518.0
2020-05-28,96445.0,4597.0,5530044.0,385115.0
2020-05-29,105497.0,5081.0,5635541.0,390196.0
2020-05-30,117841.0,5293.0,5753382.0,395489.0
2020-05-31,135117.0,5967.0,5888499.0,401456.0
2020-06-01,125084.0,4635.0,6013583.0,406091.0
2020-06-02,107112.0,4152.0,6120695.0,410243.0
2020-06-03,96780.0,4231.0,6217475.0,414474.0
2020-06-04,121579.0,5238.0,6339054.0,419712.0
2020-06-05,124006.0,5435.0,6463060.0,425147.0
2020-06-06,124543.0,5467.0,6587602.0,430614.0
2020-06-07,144801.0,5721.0,6732403.0,436335.0
2020-06-08,123249.0,5001.0,6855652.0,441336.0
2020-06-09,107746.0,4037.0,6963398.0,445373.0
2020-06-10,106507.0,4521.0,7069905.0,449894.0
2020-06-11,128974.0,5322.0,7198879.0,455216.0
2020-06-12,138097.0,5475.0,7336976.0,460691.0
2020-06-13,139072.0,5444.0,7476048.0,466135.0
2020-06-14,157714.0,5467.0,7633762.0,471602.0
2020-06-15,130201.0,4717.0,7763963.0,476319.0
2020-06-16,116521.0,4394.0,7880484.0,480713.0
2020-06-17,120729.0,6017.0,8001213.0,486730.0
2020-06-18,179421.0,5508.0,8180634.0,492238.0
2020-06-19,144450.0,5591.0,8325084.0,497829.0
2020-06-20,140018.0,5517.0,8465102.0,503346.0
2020-06-21,197644.0,5698.0,8662746.0,509044.0
2020-06-22,152308.0,5048.0,8815054.0,514092.0
2020-06-23,128045.0,4078.0,8943099.0,518170.0
2020-06-24,138244.0,4269.0,9081343.0,522439.0
2020-06-25,170081.0,5529.0,9251424.0,527968.0
2020-06-26,176536.0,5331.0,9427960.0,533299.0
2020-06-27,182223.0,7011.0,9610182.0,540310.0
2020-06-28,209013.0,5449.0,9819195.0,545759.0
2020-06-29,175516.0,4970.0,9994711.0,550729.0
2020-06-30,155773.0,4367.0,10150484.0,555096.0
2020-07-01,166706.0,4851.0,10317190.0,559947.0
2020-07-02,181036.0,5262.0,10498226.0,565209.0
2020-07-03,208023.0,5325.0,10706249.0,570534.0
2020-07-04,210685.0,5527.0,10916934.0,576061.0
2020-07-05,229608.0,6060.0,11146542.0,582121.0
2020-07-06,187945.0,5215.0,11334487.0,587336.0
2020-07-07,164242.0,4688.0,11498729.0,592024.0
2020-07-08,172968.0,5033.0,11671697.0,597057.0
2020-07-09,210702.0,5854.0,11882399.0,602911.0
2020-07-10,222028.0,5906.0,12104427.0,608817.0
2020-07-11,218570.0,5952.0,12322997.0,614769.0
2020-07-12,250396.0,6137.0,12573393.0,620906.0
2020-07-13,215359.0,5815.0,12788752.0,626721.0
2020-07-14,190628.0,5145.0,12979380.0,631866.0
2020-07-15,188729.0,5304.0,13168109.0,637170.0
2020-07-16,227124.0,6165.0,13395233.0,643335.0
2020-07-17,239778.0,6491.0,13635011.0,649826.0
2020-07-18,241803.0,7200.0,13876814.0,657026.0
2020-07-19,269265.0,6430.0,14146079.0,663456.0
2020-07-20,226068.0,5981.0,14372147.0,669437.0
2020-07-21,200910.0,5516.0,14573057.0,674953.0
2020-07-22,204804.0,5567.0,14777861.0,680520.0
2020-07-23,243383.0,7584.0,15021244.0,688104.0
2020-07-24,285219.0,6491.0,15306463.0,694595.0
2020-07-25,277084.0,6714.0,15583547.0,701309.0
2020-07-26,303821.0,6928.0,15887368.0,708237.0
2020-07-27,247703.0,6264.0,16135071.0,714501.0
2020-07-28,211206.0,5536.0,16346277.0,720037.0
2020-07-29,223059.0,5973.0,16569336.0,726010.0
2020-07-30,254496.0,6318.0,16823832.0,732328.0
2020-07-31,293862.0,7172.0,17117694.0,739500.0
2020-08-01,283541.0,6601.0,17401235.0,746101.0
2020-08-02,324754.0,6953.0,17725989.0,753054.0
2020-08-03,249017.0,6574.0,17975006.0,759628.0
2020-08-04,218114.0,5767.0,18193120.0,765395.0
2020-08-05,212305.0,5849.0,18405425.0,771244.0
2020-08-06,263309.0,6823.0,18668734.0,778067.0
2020-08-07,281889.0,7075.0,18950623.0,785142.0
2020-08-08,272656.0,6628.0,19223279.0,791770.0
2020-08-09,340747.0,6971.0,19564026.0,798741.0
2020-08-10,253516.0,6464.0,19817542.0,805205.0
2020-08-11,212304.0,5582.0,20029846.0,810787.0
2020-08-12,220898.0,5534.0,20250744.0,816321.0
2020-08-13,280312.0,6765.0,20531056.0,823086.0
2020-08-14,279096.0,6834.0,20810152.0,829920.0
2020-08-15,284273.0,6592.0,21094425.0,836512.0
2020-08-16,354499.0,6913.0,21448924.0,843425.0
2020-08-17,241475.0,5830.0,21690399.0,849255.0
2020-08-18,210777.0,5422.0,21901176.0,854677.0
2020-08-19,220334.0,5587.0,22121510.0,860264.0
2020-08-20,264466.0,6457.0,22385976.0,866721.0
2020-08-21,271798.0,6728.0,22657774.0,873449.0
2020-08-22,262817.0,6134.0,22920591.0,879583.0
2020-08-23,351479.0,6548.0,23272070.0,886131.0
2020-08-24,245238.0,5881.0,23517308.0,892012.0
2020-08-25,210744.0,5176.0,23728052.0,897188.0
2020-08-26,217709.0,5335.0,23945761.0,902519.0
2020-08-27,267255.0,6377.0,24213016.0,908896.0
2020-08-28,271846.0,6323.0,24484862.0,915219.0
2020-08-29,267702.0,5762.0,24752564.0,920981.0
2020-08-30,394215.0,6621.0,25146779.0,927592.0
2020-08-31,256751.0,5732.0,25403530.0,933324.0
2020-09-01,209583.0,4748.0,25613113.0,938072.0
2020-09-02,254567.0,5054.0,25867680.0,943126.0
2020-09-03,266126.0,6150.0,26133806.0,949276.0
2020-09-04,277886.0,6152.0,26411692.0,955428.0
2020-09-05,277270.0,5646.0,26688962.0,961074.0
2020-09-06,442284.0,6514.0,27131246.0,967588.0
2020-09-07,255752.0,9109.0,27378737.0,976697.0
2020-09-08,214376.0,6550.0,27593113.0,983247.0
2020-09-09,221256.0,4611.0,27814369.0,987858.0
2020-09-10,246495.0,4936.0,28060864.0,992794.0
2020-09-11,276331.0,5828.0,28337195.0,998622.0
2020-09-12,282947.0,5628.0,28620142.0,1004250.0
2020-09-13,467097.0,6579.0,29087239.0,1010829.0
2020-09-14,264279.0,5217.0,29351518.0,1016046.0
2020-09-15,228991.0,4963.0,29580509.0,1021009.0
2020-09-16,244954.0,4725.0,29825463.0,1025734.0
2020-09-17,278106.0,5719.0,30103569.0,1031453.0
2020-09-18,291842.0,5944.0,30395411.0,1037397.0
2020-09-19,286413.0,5354.0,30681824.0,1042751.0
2020-09-20,501156.0,7120.0,31182980.0,1049871.0
2020-09-21,264915.0,4994.0,31447895.0,1054865.0
2020-09-22,225803.0,4457.0,31673698.0,1059322.0
2020-09-23,251940.0,4705.0,31925638.0,1064027.0
2020-09-24,291305.0,5344.0,32216943.0,1069371.0
2020-09-25,286577.0,5551.0,32503520.0,1074922.0
2020-09-26,286993.0,5504.0,32790513.0,1080426.0
2020-09-27,496166.0,7163.0,33286679.0,1087589.0
2020-09-28,263426.0,5073.0,33550105.0,1092662.0
2020-09-29,223931.0,4361.0,33774036.0,1097023.0
2020-09-30,253886.0,4603.0,34027922.0,1101626.0
2020-10-01,290593.0,5592.0,34318515.0,1107218.0
2020-10-02,298043.0,5617.0,34616558.0,1112835.0
2020-10-03,294188.0,5035.0,34910746.0,1117870.0
2020-10-04,508808.0,7290.0,35419554.0,1125160.0
2020-10-05,272957.0,4842.0,35692511.0,1130002.0
2020-10-06,229823.0,4510.0,35922334.0,1134512.0
2020-10-07,272196.0,4598.0,36194525.0,1139110.0
2020-10-08,321252.0,5447.0,36515776.0,1144557.0
2020-10-09,314108.0,5820.0,36829884.0,1150377.0
2020-10-10,320238.0,5223.0,37150122.0,1155600.0
2020-10-11,634315.0,7686.0,37784437.0,1163286.0
2020-10-12,284827.0,4630.0,38069264.0,1167916.0
2020-10-13,253371.0,4466.0,38322635.0,1172382.0
2020-10-14,292388.0,4420.0,38615023.0,1176802.0
2020-10-15,314297.0,4737.0,38929320.0,1181539.0
2020-10-16,339222.0,5400.0,39268541.0,1186939.0
2020-10-17,341037.0,5394.0,39609578.0,1192333.0
2020-10-18,772962.0,9039.0,40382540.0,1201372.0
2020-10-19,303580.0,4825.0,40686120.0,1206197.0
2020-10-20,273645.0,4755.0,40959765.0,1210952.0
2020-10-21,342730.0,5056.0,41302495.0,1216008.0
2020-10-22,370939.0,5643.0,41673434.0,1221651.0
2020-10-23,386150.0,6070.0,42059584.0,1227721.0
2020-10-24,391423.0,5655.0,42451007.0,1233376.0
2020-10-25,1022303.0,11011.0,43473310.0,1244387.0
2020-10-26,352021.0,5407.0,43825331.0,1249793.0
2020-10-27,303870.0,4976.0,44129201.0,1254769.0
2020-10-28,385701.0,5494.0,44514902.0,1260263.0
2020-10-29,417499.0,6071.0,44932401.0,1266334.0
2020-10-30,428492.0,6324.0,45360893.0,1272658.0
2020-10-31,437224.0,6280.0,45798117.0,1278938.0
2020-11-01,1201547.0,14942.0,46999664.0,1293880.0
2020-11-02,379752.0,5957.0,47379416.0,1299837.0
2020-11-03,406820.0,5607.0,47786236.0,1305444.0
2020-11-04,413829.0,6186.0,48200065.0,1311630.0
2020-11-05,447972.0,7059.0,48648037.0,1318689.0
2020-11-06,482035.0,7560.0,49130072.0,1326249.0
2020-11-07,490015.0,7727.0,49620087.0,1333976.0
2020-11-08,1237024.0,18955.0,50857111.0,1352931.0
2020-11-09,441125.0,6414.0,51298236.0,1359345.0
2020-11-10,396106.0,6410.0,51694342.0,1365755.0
2020-11-11,465225.0,7146.0,52159567.0,1372901.0
2020-11-12,512680.0,8029.0,52672247.0,1380930.0
2020-11-13,544349.0,7912.0,53216596.0,1388842.0
2020-11-14,537604.0,8189.0,53754200.0,1397031.0
2020-11-15,1152026.0,21320.0,54906226.0,1418351.0
2020-11-16,478280.0,8040.0,55384506.0,1426391.0
2020-11-17,420211.0,6774.0,55804717.0,1433165.0
2020-11-18,473072.0,7293.0,56277789.0,1440458.0
2020-11-19,537894.0,8929.0,56815683.0,1449387.0
2020-11-20,544408.0,9144.0,57360091.0,1458531.0
2020-11-21,552670.0,9354.0,57912761.0,1467885.0
2020-11-22,1104097.0,24000.0,59016858.0,1491825.0
2020-11-23,483692.0,8135.0,59500550.0,1499960.0
2020-11-24,427111.0,8108.0,59927661.0,1508068.0
2020-11-25,482379.0,8679.0,60410040.0,1516747.0
2020-11-26,527370.0,9242.0,60937410.0,1525989.0
2020-11-27,584198.0,9890.0,61521608.0,1535879.0
2020-11-28,517623.0,9051.0,62039231.0,1544930.0
2020-11-29,999639.0,23070.0,63038870.0,1568000.0
2020-11-30,473479.0,7932.0,63512349.0,1575932.0
2020-12-01,433213.0,8004.0,63945562.0,1583936.0
2020-12-02,482751.0,8728.0,64428313.0,1592664.0
2020-12-03,570463.0,9883.0,64998776.0,1602547.0
2020-12-04,594921.0,10508.0,65593697.0,1613055.0
2020-12-05,597492.0,10362.0,66191189.0,1623417.0
2020-12-06,1048340.0,24027.0,67239529.0,1647444.0
2020-12-07,517256.0,8689.0,67756785.0,1656133.0
2020-12-08,464342.0,7776.0,68221127.0,1663909.0
2020-12-09,514331.0,9206.0,68735458.0,1673115.0
2020-12-10,602013.0,9749.0,69337471.0,1682864.0
2020-12-11,599907.0,11166.0,69937378.0,1694030.0
2020-12-12,585118.0,10090.0,70522496.0,1704120.0
2020-12-13,1111357.0,25785.0,71633853.0,1729905.0
2020-12-14,525364.0,9005.0,72159217.0,1738910.0
2020-12-15,465681.0,8503.0,72624898.0,1747413.0
2020-12-16,544973.0,9461.0,73169871.0,1756874.0
2020-12-17,574310.0,10435.0,73744181.0,1767309.0
2020-12-18,641986.0,11013.0,74386167.0,1778322.0
2020-12-19,643255.0,11384.0,75029422.0,1789706.0
2020-12-20,1146730.0,25889.0,76176152.0,1815595.0
2020-12-21,519457.0,9556.0,76695609.0,1825151.0
2020-12-22,477276.0,8667.0,77172885.0,1833818.0
2020-12-23,526362.0,9633.0,77699247.0,1843451.0
2020-12-24,592422.0,10865.0,78291669.0,1854316.0
2020-12-25,586634.0,10821.0,78878303.0,1865137.0
2020-12-26,544266.0,10055.0,79422569.0,1875192.0
2020-12-27,871395.0,22194.0,80293964.0,1897386.0
2020-12-28,406866.0,8178.0,80700830.0,1905564.0
2020-12-29,445595.0,8944.0,81146425.0,1914508.0
2020-12-30,513461.0,10137.0,81659886.0,1924645.0
2020-12-31,652693.0,11956.0,82312579.0,1936601.0
2021-01-01,660926.0,12356.0,82973505.0,1948957.0
2021-01-02,590642.0,11269.0,83564147.0,1960226.0
2021-01-03,976289.0,23455.0,84540436.0,1983681.0
2021-01-04,517437.0,9153.0,85057873.0,1992834.0
2021-01-05,522302.0,8868.0,85580175.0,2001702.0
2021-01-06,570358.0,10328.0,86150533.0,2012030.0
2021-01-07,685002.0,12299.0,86835535.0,2024329.0
2021-01-08,694412.0,12470.0,87529947.0,2036799.0
2021-01-09,718622.0,13281.0,88248569.0,2050080.0
2021-01-10,1298253.0,25950.0,89546822.0,2076030.0
2021-01-11,608938.0,11404.0,90155760.0,2087434.0
2021-01-12,541013.0,10675.0,90696773.0,2098107.0
2021-01-13,564455.0,11818.0,91261228.0,2109925.0
2021-01-14,628047.0,13339.0,91889275.0,2123264.0
2021-01-15,622730.0,13739.0,92512005.0,2137003.0
2021-01-16,616200.0,13263.0,93128205.0,2150266.0
2021-01-17,1270390.0,26732.0,94398595.0,2176998.0
2021-01-18,531390.0,12058.0,94929985.0,2189056.0
2021-01-19,469186.0,11225.0,95399171.0,2200281.0
2021-01-20,472398.0,11744.0,95871569.0,2212025.0
2021-01-21,516608.0,12966.0,96388177.0,2224991.0
2021-01-22,553866.0,14171.0,96942043.0,2239162.0
2021-01-23,527235.0,13614.0,97469278.0,2252776.0
2021-01-24,1154857.0,27937.0,98624135.0,2280713.0
2021-01-25,452777.0,11737.0,99076912.0,2292450.0
2021-01-26,380168.0,11062.0,99457080.0,2303512.0
2021-01-27,421979.0,11501.0,99879059.0,2315013.0
2021-01-28,476128.0,13723.0,100355187.0,2328736.0
2021-01-29,493716.0,13548.0,100848903.0,2342284.0
2021-01-30,474444.0,13185.0,101323347.0,2355469.0
2021-01-31,1035153.0,25898.0,102358500.0,2381367.0
2021-02-01,397361.0,10921.0,102755861.0,2392288.0
2021-02-02,330966.0,9862.0,103086827.0,2402150.0
2021-02-03,373863.0,10626.0,103460690.0,2412776.0
2021-02-04,414639.0,11821.0,103875329.0,2424597.0
2021-02-05,401555.0,11790.0,104276884.0,2436387.0
2021-02-06,411362.0,11014.0,104688246.0,2447401.0
2021-02-07,834344.0,23248.0,105522590.0,2470649.0
2021-02-08,340192.0,9765.0,105862782.0,2480414.0
2021-02-09,293979.0,8452.0,106156761.0,2488866.0
2021-02-10,308923.0,9318.0,106465684.0,2498184.0
2021-02-11,354140.0,10572.0,106819824.0,2508756.0
2021-02-12,372843.0,10677.0,107192667.0,2519433.0
2021-02-13,366687.0,10862.0,107559354.0,2530295.0
2021-02-14,682733.0,21839.0,108242087.0,2552134.0
2021-02-15,291063.0,9418.0,108533150.0,2561552.0
2021-02-16,257429.0,7761.0,108790579.0,2569313.0
2021-02-17,289088.0,7688.0,109079667.0,2577001.0
2021-02-18,319181.0,8198.0,109398848.0,2585199.0
2021-02-19,332673.0,9137.0,109731521.0,2594336.0
2021-02-20,331702.0,9295.0,110063223.0,2603631.0
2021-02-21,652098.0,16928.0,110715321.0,2620559.0
2021-02-22,301587.0,7760.0,111016908.0,2628319.0
2021-02-23,266459.0,7147.0,111283367.0,2635466.0
2021-02-24,297461.0,7573.0,111580828.0,2643039.0
2021-02-25,362073.0,8310.0,111942901.0,2651349.0
2021-02-26,370333.0,8729.0,112313234.0,2660078.0
2021-02-27,367218.0,9432.0,112680452.0,2669509.0
2021-02-28,695628.0,15049.0,113376080.0,2684558.0
2021-03-01,313641.0,7512.0,113689721.0,2692070.0
2021-03-02,269829.0,6579.0,113959550.0,2698649.0
2021-03-03,311577.0,7182.0,114271127.0,2705831.0
2021-03-04,357633.0,7784.0,114628760.0,2713615.0
2021-03-05,377313.0,8789.0,115006073.0,2722404.0
2021-03-06,375113.0,7907.0,115381186.0,2730311.0
2021-03-07,730161.0,14722.0,116111347.0,2745033.0
2021-03-08,319921.0,7043.0,116431268.0,2752076.0
2021-03-09,322181.0,6690.0,116753449.0,2758766.0
2021-03-10,311916.0,6776.0,117065365.0,2765542.0
2021-03-11,385424.0,8018.0,117450789.0,2773560.0
2021-03-12,404860.0,9005.0,117855649.0,2782565.0
2021-03-13,404840.0,8446.0,118260489.0,2791011.0
2021-03-14,811732.0,14698.0,119072221.0,2805709.0
2021-03-15,349616.0,7303.0,119421837.0,2813012.0
2021-03-16,311479.0,6618.0,119733316.0,2819630.0
2021-03-17,350088.0,6979.0,120083404.0,2826609.0
2021-03-18,442460.0,8859.0,120525864.0,2835468.0
2021-03-19,459408.0,8986.0,120985272.0,2844454.0
2021-03-20,460772.0,8847.0,121446044.0,2853301.0
2021-03-21,951889.0,15585.0,122397933.0,2868886.0
2021-03-22,408847.0,9837.0,122806780.0,2878723.0
2021-03-23,361215.0,6919.0,123167995.0,2885642.0
2021-03-24,412527.0,7893.0,123580522.0,2893535.0
2021-03-25,494897.0,9519.0,124075419.0,2903054.0
2021-03-26,521558.0,8644.0,124596977.0,2911698.0
2021-03-27,518721.0,9144.0,125115698.0,2920842.0
2021-03-28,1112190.0,17118.0,126227888.0,2937960.0
2021-03-29,465390.0,8958.0,126693278.0,2946918.0
2021-03-30,405149.0,8096.0,127098427.0,2955014.0
2021-03-31,442737.0,8357.0,127541164.0,2963371.0
2021-04-01,538217.0,10605.0,128079381.0,2973976.0
2021-04-02,558995.0,10661.0,128638376.0,2984637.0
2021-04-03,567320.0,10764.0,129205696.0,2995401.0
2021-04-04,1134209.0,17976.0,130339905.0,3013377.0
2021-04-05,467969.0,8159.0,130807874.0,3021536.0
2021-04-06,426632.0,6881.0,131234506.0,3028417.0
2021-04-07,485551.0,8571.0,131720057.0,3036988.0
2021-04-08,622735.0,12450.0,132342792.0,3049438.0
2021-04-09,657973.0,11808.0,133000765.0,3061246.0
2021-04-10,651027.0,12542.0,133651792.0,3073788.0
2021-04-11,1246368.0,19954.0,134898160.0,3093742.0
2021-04-12,607775.0,9999.0,135505935.0,3103741.0
2021-04-13,548097.0,9357.0,136054032.0,3113098.0
2021-04-14,608949.0,9722.0,136662981.0,3122820.0
2021-04-15,707942.0,12375.0,137370923.0,3135195.0
2021-04-16,708645.0,12127.0,138079568.0,3147322.0
2021-04-17,717477.0,12254.0,138797045.0,3159576.0
2021-04-18,1333576.0,20063.0,140130621.0,3179639.0
2021-04-19,707578.0,11399.0,140838199.0,3191038.0
2021-04-20,639135.0,10205.0,141477334.0,3201243.0
2021-04-21,679096.0,10839.0,142156430.0,3212082.0
2021-04-22,783895.0,13088.0,142940325.0,3225170.0
2021-04-23,800613.0,13221.0,143740938.0,3238391.0
2021-04-24,762772.0,11877.0,144503710.0,3250268.0
2021-04-25,1322599.0,20795.0,145826309.0,3271063.0
2021-04-26,734649.0,12533.0,146560958.0,3283596.0
2021-04-27,648580.0,10883.0,147209538.0,3294479.0
2021-04-28,693518.0,11535.0,147903056.0,3306014.0
2021-04-29,795050.0,14169.0,148698106.0,3320183.0
2021-04-30,805015.0,13720.0,149503113.0,3333903.0
2021-05-01,789236.0,13274.0,150292349.0,3347177.0
2021-05-02,1227707.0,19884.0,151520056.0,3367061.0
2021-05-03,710384.0,12187.0,152230440.0,3379248.0
2021-05-04,638297.0,10553.0,152868737.0,3389801.0
2021-05-05,680136.0,11262.0,153548873.0,3401063.0
2021-05-06,776952.0,13622.0,154325825.0,3414685.0
2021-05-07,784827.0,13261.0,155110652.0,3427946.0
2021-05-08,757887.0,12906.0,155868539.0,3440852.0
2021-05-09,1115821.0,18437.0,156984360.0,3459289.0
2021-05-10,673336.0,12037.0,157657696.0,3471326.0
2021-05-11,606744.0,10917.0,158264440.0,3482243.0
2021-05-12,609816.0,11064.0,158874256.0,3493307.0
2021-05-13,696520.0,12670.0,159570776.0,3505977.0
2021-05-14,675552.0,12613.0,160246328.0,3518590.0
2021-05-15,642029.0,11874.0,160888357.0,3530464.0
2021-05-16,907808.0,16419.0,161796165.0,3546883.0
2021-05-17,587812.0,11725.0,162383977.0,3558608.0
2021-05-18,523807.0,11173.0,162907784.0,3569781.0
2021-05-19,530790.0,11458.0,163438574.0,3581239.0
2021-05-20,604540.0,12477.0,164043114.0,3593716.0
2021-05-21,598453.0,12505.0,164641567.0,3606221.0
2021-05-22,585494.0,12241.0,165227061.0,3618462.0
2021-05-23,785462.0,14609.0,166011648.0,3633071.0
2021-05-24,506899.0,11106.0,166518547.0,3644177.0
2021-05-25,432270.0,9064.0,166950817.0,3653241.0
2021-05-26,465856.0,10622.0,167416673.0,3663863.0
2021-05-27,534396.0,11453.0,167951069.0,3675316.0
2021-05-28,518566.0,11564.0,168469635.0,3686880.0
2021-05-29,475513.0,11010.0,168945148.0,3697890.0
2021-05-30,613751.0,13782.0,169558899.0,3711672.0
2021-05-31,446119.0,10115.0,170005018.0,3721787.0
2021-06-01,372414.0,8327.0,170377432.0,3730114.0
2021-06-02,374525.0,8896.0,170751957.0,3739010.0
2021-06-03,436382.0,10137.0,171188339.0,3749147.0
2021-06-04,454024.0,10311.0,171642363.0,3759458.0
2021-06-05,420242.0,9888.0,172062605.0,3769346.0
2021-06-06,502032.0,10771.0,172564637.0,3780117.0
2021-06-07,367172.0,8672.0,172931809.0,3788789.0
2021-06-08,313537.0,7838.0,173245346.0,3796627.0
2021-06-09,330850.0,8097.0,173576196.0,3804724.0
2021-06-10,363831.0,13379.0,173940027.0,3818103.0
2021-06-11,409330.0,11109.0,174349357.0,3829212.0
2021-06-12,391459.0,11044.0,174740816.0,3840256.0
2021-06-13,471530.0,11040.0,175212346.0,3851296.0
2021-06-14,355519.0,10336.0,175567865.0,3861632.0
2021-06-15,299219.0,8119.0,175867084.0,3869751.0
2021-06-16,305611.0,7763.0,176172695.0,3877514.0
2021-06-17,374226.0,9550.0,176546921.0,3887064.0
2021-06-18,398859.0,9314.0,176945780.0,3896378.0
2021-06-19,365229.0,8477.0,177311009.0,3904855.0
2021-06-20,438110.0,9356.0,177749119.0,3914211.0
2021-06-21,339076.0,7973.0,178088195.0,3922184.0
2021-06-22,301339.0,6760.0,178389534.0,3928944.0
2021-06-23,316418.0,7038.0,178705952.0,3935982.0
2021-06-24,404093.0,8470.0,179110045.0,3944452.0
2021-06-25,429330.0,8542.0,179539375.0,3952994.0
2021-06-26,386697.0,8207.0,179926072.0,3961201.0
2021-06-27,454781.0,9080.0,180380853.0,3970281.0
2021-06-28,362322.0,7280.0,180743175.0,3977561.0
2021-06-29,319338.0,6570.0,181062513.0,3984131.0
2021-06-30,341747.0,6526.0,181404260.0,3990657.0
2021-07-01,405064.0,8220.0,181809324.0,3998877.0
2021-07-02,386615.0,8804.0,182195939.0,4007681.0
2021-07-03,409941.0,7968.0,182605880.0,4015649.0
2021-07-04,534964.0,8294.0,183140844.0,4023943.0
2021-07-05,372403.0,7387.0,183513247.0,4031330.0
2021-07-06,338388.0,6667.0,183851635.0,4037997.0
2021-07-07,373605.0,7175.0,184225240.0,4045172.0
2021-07-08,455733.0,8339.0,184680973.0,4053511.0
2021-07-09,452137.0,8107.0,185133110.0,4061618.0
2021-07-10,600152.0,8355.0,185733262.0,4069973.0
2021-07-11,693495.0,8571.0,186426757.0,4078544.0
2021-07-12,409709.0,7684.0,186836466.0,4086228.0
2021-07-13,383602.0,7789.0,187220068.0,4094017.0
2021-07-14,441782.0,7384.0,187661850.0,4101401.0
2021-07-15,497135.0,8133.0,188158985.0,4109534.0
2021-07-16,518913.0,8462.0,188677898.0,4117996.0
2021-07-17,513328.0,8227.0,189191226.0,4126223.0
2021-07-18,842324.0,8629.0,190033550.0,4134852.0
2021-07-19,425639.0,7524.0,190459189.0,4142376.0
2021-07-20,410363.0,7189.0,190869552.0,4149565.0
2021-07-21,452661.0,19923.0,191322213.0,4169488.0
2021-07-22,477179.0,8267.0,191799392.0,4177755.0
2021-07-23,504620.0,8596.0,192304012.0,4186351.0
2021-07-24,514356.0,8819.0,192818368.0,4195170.0
2021-07-25,971857.0,9311.0,193790225.0,4204481.0
2021-07-26,454475.0,8600.0,194244700.0,4213081.0
2021-07-27,440838.0,8705.0,194685538.0,4221786.0
2021-07-28,533089.0,8576.0,195218627.0,4230362.0
2021-07-29,589875.0,10110.0,195808502.0,4240472.0
2021-07-30,595914.0,9692.0,196404416.0,4250164.0
2021-07-31,579865.0,9416.0,196984281.0,4259580.0
2021-08-01,949411.0,9989.0,197933692.0,4269569.0
2021-08-02,499377.0,8984.0,198433069.0,4278553.0
2021-08-03,485143.0,9067.0,198918212.0,4287620.0
2021-08-04,570906.0,9226.0,199489118.0,4296846.0
2021-08-05,612371.0,10036.0,200101489.0,4306882.0
2021-08-06,668694.0,10466.0,200770183.0,4317348.0
2021-08-07,625151.0,10035.0,201395334.0,4327383.0
2021-08-08,959204.0,11086.0,202354538.0,4338469.0
2021-08-09,551977.0,9817.0,202906515.0,4348286.0
2021-08-10,506946.0,8925.0,203413461.0,4357211.0
2021-08-11,563949.0,9103.0,203977410.0,4366314.0
2021-08-12,631634.0,10290.0,204609044.0,4376604.0
2021-08-13,654044.0,10060.0,205263088.0,4386664.0
2021-08-14,654116.0,9949.0,205917204.0,4396613.0
2021-08-15,956273.0,11535.0,206873477.0,4408148.0
2021-08-16,549309.0,9897.0,207422786.0,4418045.0
2021-08-17,519447.0,8473.0,207942233.0,4426518.0
2021-08-18,580602.0,9083.0,208522835.0,4435601.0
2021-08-19,679543.0,10740.0,209202378.0,4446341.0
2021-08-20,670727.0,10773.0,209873105.0,4457114.0
2021-08-21,651424.0,9858.0,210524529.0,4466972.0
2021-08-22,946777.0,12576.0,211471306.0,4479548.0
2021-08-23,531991.0,9816.0,212003297.0,4489364.0
2021-08-24,521238.0,8480.0,212524535.0,4497844.0
2021-08-25,588167.0,9702.0,213112702.0,4507545.0
2021-08-26,660237.0,10678.0,213772939.0,4518223.0
2021-08-27,660160.0,9970.0,214433099.0,4528193.0
2021-08-28,664378.0,9984.0,215097477.0,4538177.0
2021-08-29,941282.0,12176.0,216038759.0,4550353.0
2021-08-30,539085.0,8904.0,216577844.0,4559257.0
2021-08-31,488237.0,8785.0,217066081.0,4568042.0
2021-09-01,551852.0,9158.0,217617933.0,4577200.0
2021-09-02,634615.0,9719.0,218252548.0,4586919.0
2021-09-03,647118.0,9876.0,218899666.0,4596795.0
2021-09-04,622015.0,9616.0,219521681.0,4606411.0
2021-09-05,875085.0,11775.0,220396766.0,4618186.0
2021-09-06,503375.0,9061.0,220900141.0,4627247.0
2021-09-07,476345.0,8078.0,221376486.0,4635325.0
2021-09-08,512520.0,8329.0,221889006.0,4643654.0
2021-09-09,517295.0,8289.0,222406301.0,4651943.0
2021-09-10,552698.0,8306.0,222958999.0,4660249.0
2021-09-11,583560.0,9256.0,223542559.0,4669505.0
2021-09-12,783960.0,11247.0,224326519.0,4680752.0
2021-09-13,464454.0,8798.0,224790973.0,4689550.0
2021-09-14,440196.0,7126.0,225231169.0,4696676.0
2021-09-15,476181.0,7449.0,225707350.0,4704125.0
2021-09-16,527234.0,9105.0,226234584.0,4713230.0
2021-09-17,516306.0,9246.0,226750890.0,4722476.0
2021-09-18,535056.0,8168.0,227285946.0,4730644.0
2021-09-19,725243.0,10933.0,228011189.0,4741577.0
2021-09-20,558604.0,7691.0,228569793.0,4749268.0
2021-09-21,401460.0,6254.0,228971253.0,4755522.0
2021-09-22,431317.0,7220.0,229402570.0,4762742.0
2021-09-23,470977.0,8463.0,229872974.0,4771205.0
2021-09-24,495583.0,7752.0,230368557.0,4778957.0
2021-09-25,477032.0,7643.0,230845589.0,4786600.0
2021-09-26,672585.0,10365.0,231518174.0,4796965.0
2021-09-27,379561.0,6365.0,231897735.0,4803330.0
2021-09-28,344731.0,6251.0,232242466.0,4809581.0
2021-09-29,417351.0,7159.0,232659817.0,4816740.0
2021-09-30,441036.0,7895.0,233100853.0,4824635.0
2021-10-01,440487.0,7590.0,233541340.0,4832225.0
2021-10-02,439421.0,7028.0,233980761.0,4839253.0
2021-10-03,647638.0,10068.0,234628399.0,4849321.0
2021-10-04,336459.0,5671.0,234964858.0,4854992.0
2021-10-05,323435.0,5017.0,235288293.0,4860009.0
2021-10-06,390102.0,5875.0,235678395.0,4865884.0
2021-10-07,417151.0,7328.0,236095546.0,4873212.0
2021-10-08,424222.0,7172.0,236519768.0,4880384.0
2021-10-09,403638.0,6605.0,236923406.0,4886989.0
2021-10-10,661876.0,10671.0,237585282.0,4897654.0
2021-10-11,322297.0,5156.0,237907579.0,4902810.0
2021-10-12,312040.0,5312.0,238219566.0,4908122.0
2021-10-13,375459.0,5659.0,238595025.0,4913781.0
2021-10-14,392463.0,6587.0,238987488.0,4920368.0
2021-10-15,391667.0,6516.0,239379155.0,4926884.0
2021-10-16,399990.0,6219.0,239779145.0,4933103.0
2021-10-17,689547.0,10625.0,240468692.0,4943727.0
2021-10-18,314306.0,5236.0,240782998.0,4948963.0
2021-10-19,308782.0,4731.0,241091780.0,4953694.0
2021-10-20,383310.0,6695.0,241475090.0,4960389.0
2021-10-21,401424.0,6553.0,241876514.0,4966942.0
2021-10-22,401508.0,6643.0,242278022.0,4973585.0
2021-10-23,394034.0,6363.0,242672056.0,4979948.0
2021-10-24,802967.0,13116.0,243475023.0,4993064.0
2021-10-25,296224.0,5209.0,243771247.0,4998273.0
2021-10-26,280007.0,4702.0,244051254.0,5002975.0
2021-10-27,393694.0,6069.0,244444948.0,5009044.0
2021-10-28,421518.0,7659.0,244866466.0,5016703.0
2021-10-29,408460.0,7031.0,245274926.0,5023734.0
2021-10-30,430368.0,6510.0,245705294.0,5030244.0
2021-10-31,897465.0,13703.0,246602759.0,5043947.0
2021-11-01,294860.0,4788.0,246897619.0,5048735.0
2021-11-02,286316.0,4600.0,247183935.0,5053335.0
2021-11-03,412082.0,5970.0,247596017.0,5059305.0
2021-11-04,393698.0,6523.0,247989715.0,5065828.0
2021-11-05,405776.0,6133.0,248395491.0,5071961.0
2021-11-06,401984.0,6195.0,248797475.0,5078156.0
2021-11-07,985477.0,15004.0,249782952.0,5093160.0
2021-11-08,305907.0,4889.0,250088859.0,5098049.0
2021-11-09,304787.0,4581.0,250393646.0,5102630.0
2021-11-10,450458.0,6102.0,250844104.0,5108732.0
2021-11-11,426555.0,6513.0,251270659.0,5115245.0
2021-11-12,425300.0,6282.0,251695959.0,5121527.0
2021-11-13,387344.0,5971.0,252083303.0,5127498.0
2021-11-14,1177548.0,16186.0,253260851.0,5143684.0
2021-11-15,351489.0,5429.0,253612340.0,5149113.0
2021-11-16,314077.0,4544.0,253926417.0,5153657.0
2021-11-17,485814.0,6258.0,254412231.0,5159915.0
2021-11-18,449610.0,6715.0,254861841.0,5166630.0
2021-11-19,456073.0,6971.0,255317914.0,5173601.0
2021-11-20,467898.0,8694.0,255785812.0,5182295.0
2021-11-21,1338351.0,16093.0,257124163.0,5198388.0
2021-11-22,342114.0,4939.0,257466277.0,5203327.0
2021-11-23,359595.0,4817.0,257825872.0,5208144.0
2021-11-24,537569.0,6330.0,258363441.0,5214474.0
2021-11-25,473332.0,6842.0,258836773.0,5221316.0
2021-11-26,488805.0,6599.0,259325578.0,5227915.0
2021-11-27,422607.0,5346.0,259748185.0,5233261.0
2021-11-28,1423207.0,15308.0,261171392.0,5248569.0
2021-11-29,350539.0,4818.0,261521931.0,5253387.0
2021-11-30,354267.0,4789.0,261876198.0,5258176.0
2021-12-01,466013.0,6663.0,262342211.0,5264839.0
2021-12-02,502495.0,6848.0,262844706.0,5271687.0
2021-12-03,514135.0,6962.0,263358841.0,5278649.0
2021-12-04,504641.0,6239.0,263863482.0,5284888.0
2021-12-05,1581190.0,17572.0,265444672.0,5302460.0
2021-12-06,360845.0,4988.0,265805517.0,5307448.0
2021-12-07,355866.0,4785.0,266161383.0,5312233.0
2021-12-08,556399.0,6035.0,266717782.0,5318268.0
2021-12-09,507343.0,6759.0,267225125.0,5325027.0
2021-12-10,501855.0,6581.0,267726980.0,5331608.0
2021-12-11,494614.0,5825.0,268221594.0,5337433.0
2021-12-12,1537006.0,14811.0,269758600.0,5352244.0
2021-12-13,376286.0,4609.0,270134886.0,5356853.0
2021-12-14,373009.0,4740.0,270507895.0,5361593.0
2021-12-15,583810.0,5965.0,271091705.0,5367558.0
2021-12-16,562588.0,6572.0,271654293.0,5374130.0
2021-12-17,575820.0,6769.0,272230113.0,5380899.0
2021-12-18,572056.0,5435.0,272802169.0,5386334.0
2021-12-19,1659077.0,13262.0,274461246.0,5399596.0
2021-12-20,422346.0,4269.0,274883592.0,5403865.0
2021-12-21,455752.0,4794.0,275339344.0,5408659.0
2021-12-22,721597.0,6189.0,276060941.0,5414848.0
2021-12-23,704175.0,6812.0,276765116.0,5421660.0
2021-12-24,757623.0,6358.0,277522739.0,5428018.0
2021-12-25,775569.0,7203.0,278298308.0,5435221.0
2021-12-26,2251495.0,10950.0,280549803.0,5446171.0
2021-12-27,475565.0,3850.0,281025368.0,5450021.0
2021-12-28,683453.0,4190.0,281708821.0,5454211.0
2021-12-29,1165008.0,6282.0,282873829.0,5460493.0
2021-12-30,1155817.0,6931.0,284029646.0,5467424.0
2021-12-31,1348260.0,5961.0,285377906.0,5473385.0
2022-01-01,1428461.0,5345.0,286806367.0,5478730.0
2022-01-02,4204296.0,10121.0,291010663.0,5488851.0
2022-01-03,909747.0,3739.0,291920410.0,5492590.0
2022-01-04,1183782.0,4001.0,293104192.0,5496591.0
2022-01-05,2007023.0,6266.0,295111215.0,5502857.0
2022-01-06,2044717.0,7205.0,297155932.0,5510062.0
2022-01-07,2017800.0,6166.0,299173732.0,5516228.0
2022-01-08,1989842.0,6284.0,301163574.0,5522512.0
2022-01-09,6439660.0,11966.0,307603234.0,5534478.0
2022-01-10,1639500.0,4511.0,309242734.0,5538989.0
2022-01-11,1648855.0,5220.0,310891589.0,5544209.0
2022-01-12,2788105.0,6831.0,313679694.0,5551040.0
2022-01-13,2394446.0,8473.0,316074140.0,5559513.0
2022-01-14,2496725.0,7120.0,318570865.0,5566633.0
2022-01-15,2494893.0,6801.0,321065758.0,5573434.0
2022-01-16,7196825.0,13367.0,328262583.0,5586801.0
2022-01-17,1923050.0,6256.0,330185633.0,5593057.0
2022-01-18,1817526.0,5525.0,332003159.0,5598582.0
2022-01-19,2860880.0,6656.0,334864039.0,5605238.0
2022-01-20,2861687.0,8130.0,337725726.0,5613368.0
2022-01-21,2917078.0,9066.0,340642804.0,5622434.0
2022-01-22,2814094.0,8240.0,343456898.0,5630674.0
2022-01-23,8346273.0,15836.0,351803171.0,5646510.0
2022-01-24,2086977.0,6142.0,353890148.0,5652652.0
2022-01-25,2060088.0,6650.0,355950236.0,5659302.0
2022-01-26,3012584.0,8689.0,358962820.0,5667991.0
2022-01-27,2614114.0,9616.0,361576934.0,5677607.0
2022-01-28,2657873.0,9831.0,364234807.0,5687438.0
2022-01-29,2590473.0,9335.0,366825280.0,5696773.0
2022-01-30,8401906.0,17567.0,375227186.0,5714340.0
2022-01-31,1927297.0,7877.0,377154483.0,5722217.0
2022-02-01,1746807.0,7036.0,378901290.0,5729253.0
2022-02-02,2454119.0,10187.0,381355409.0,5739440.0
2022-02-03,2292826.0,11660.0,383648173.0,5751100.0
2022-02-04,2183421.0,10616.0,385831594.0,5761716.0
2022-02-05,2245319.0,10049.0,388076913.0,5771765.0
2022-02-06,7078197.0,18447.0,395155110.0,5790212.0
2022-02-07,1596537.0,8203.0,396751647.0,5798415.0
2022-02-08,1488310.0,7564.0,398239957.0,5805979.0
2022-02-09,1954443.0,10474.0,400194400.0,5816453.0
2022-02-10,1918777.0,11708.0,402113177.0,5828161.0
2022-02-11,1813681.0,10507.0,403926858.0,5838668.0
2022-02-12,1672893.0,9575.0,405599751.0,5848243.0
2022-02-13,5467047.0,18421.0,411066798.0,5866664.0
2022-02-14,1281711.0,7026.0,412348509.0,5873690.0
2022-02-15,1253681.0,6676.0,413602190.0,5880366.0
2022-02-16,1552728.0,9417.0,415154918.0,5889783.0
2022-02-17,1547415.0,10164.0,416702333.0,5899947.0
2022-02-18,1516491.0,10152.0,418218824.0,5910099.0
2022-02-19,1432288.0,9069.0,419650915.0,5919168.0
2022-02-20,4287329.0,17109.0,423938244.0,5936277.0
2022-02-21,1095683.0,6295.0,425033927.0,5942572.0
2022-02-22,1174004.0,6288.0,426207931.0,5948860.0
2022-02-23,1332958.0,6981.0,427540889.0,5955841.0
2022-02-24,1376715.0,9579.0,428917604.0,5965420.0
2022-02-25,1343055.0,8688.0,430260659.0,5974108.0
2022-02-26,1253461.0,8462.0,431514120.0,5982570.0
2022-02-27,3473876.0,13186.0,434987996.0,5995756.0
2022-02-28,1097208.0,6715.0,436085204.0,6002471.0
2022-03-01,1072761.0,5428.0,437157965.0,6007899.0
2022-03-02,1246188.0,7325.0,438404153.0,6015224.0
2022-03-03,1321479.0,6756.0,439725632.0,6021980.0
2022-03-04,1246552.0,7857.0,440972184.0,6029837.0
2022-03-05,1234687.0,6317.0,442206871.0,6036154.0
2022-03-06,3681296.0,11520.0,445888167.0,6047674.0
2022-03-07,963726.0,4785.0,446851893.0,6052459.0
2022-03-08,1190476.0,4669.0,448042369.0,6057128.0
2022-03-09,1356669.0,5850.0,449399038.0,6062978.0
2022-03-10,1282157.0,6144.0,450681195.0,6069122.0
2022-03-11,1327288.0,6589.0,452008483.0,6075711.0
2022-03-12,1539409.0,5652.0,453547892.0,6081363.0
2022-03-13,4145714.0,10088.0,457693606.0,6091451.0
2022-03-14,1156638.0,4222.0,458850244.0,6095673.0
2022-03-15,1149739.0,3639.0,459999983.0,6099312.0
2022-03-16,1616552.0,3902.0,461616535.0,6100777.0
2022-03-17,1481246.0,5335.0,463097781.0,6106112.0
2022-03-18,1288007.0,5268.0,464385788.0,6111380.0
2022-03-19,1432555.0,4910.0,465818343.0,6116290.0
2022-03-20,4253673.0,8978.0,470071914.0,6125268.0
2022-03-21,982331.0,3661.0,471054245.0,6128929.0
2022-03-22,1220969.0,14365.0,472275214.0,6143294.0
2022-03-23,1181867.0,4151.0,473457081.0,6147445.0
2022-03-24,1113866.0,4344.0,474570947.0,6151789.0
2022-03-25,1134695.0,4363.0,475705642.0,6156152.0
2022-03-26,1062156.0,7874.0,476767798.0,6164026.0
2022-03-27,4302355.0,7718.0,481070153.0,6171744.0
2022-03-28,1015044.0,2787.0,482085197.0,6174531.0
2022-03-29,992187.0,2800.0,483077384.0,6177331.0
2022-03-30,970263.0,3657.0,484047647.0,6180988.0
2022-03-31,918890.0,3645.0,484966537.0,6184633.0
2022-04-01,889121.0,3936.0,485855658.0,6188569.0
2022-04-02,783638.0,3290.0,486639296.0,6191859.0
2022-04-03,3799974.0,6744.0,490439270.0,6198603.0
2022-04-04,638052.0,2294.0,491077322.0,6200897.0
2022-04-05,677824.0,2376.0,491755146.0,6203273.0
2022-04-06,726781.0,2653.0,492481927.0,6205926.0
2022-04-07,750321.0,2970.0,493232248.0,6208896.0
2022-04-08,685155.0,3285.0,493917355.0,6212181.0
2022-04-09,595721.0,2939.0,494513076.0,6215120.0
2022-04-10,3126323.0,6357.0,497639399.0,6221477.0
2022-04-11,558850.0,2111.0,498198249.0,6223588.0
2022-04-12,500155.0,1785.0,498698404.0,6225373.0
2022-04-13,571888.0,2362.0,499270292.0,6227735.0
2022-04-14,463077.0,2700.0,499733369.0,6230435.0
2022-04-15,603429.0,2520.0,500336798.0,6232955.0
2022-04-16,468410.0,2508.0,500805208.0,6235463.0
2022-04-17,2531959.0,5218.0,503337167.0,6240681.0
2022-04-18,405380.0,1739.0,503742547.0,6242420.0
2022-04-19,331436.0,1441.0,504073983.0,6243861.0
2022-04-20,390164.0,1949.0,504464147.0,6245810.0
2022-04-21,502357.0,2236.0,504966504.0,6248046.0
2022-04-22,477577.0,2400.0,505444081.0,6250446.0
2022-04-23,403751.0,2266.0,505847832.0,6252712.0
2022-04-24,2192552.0,4801.0,508040384.0,6257513.0
2022-04-25,317833.0,1487.0,508358217.0,6259000.0
2022-04-26,332258.0,2722.0,508690475.0,6261722.0
2022-04-27,352723.0,1583.0,509043198.0,6263305.0
2022-04-28,428274.0,2061.0,509471472.0,6265366.0
2022-04-29,387235.0,2182.0,509858707.0,6267548.0
2022-04-30,335918.0,1635.0,510194625.0,6269183.0
2022-05-01,1844629.0,4594.0,512039254.0,6273777.0
2022-05-02,263517.0,1403.0,512302771.0,6275180.0
2022-05-03,245409.0,1101.0,512548180.0,6276281.0
2022-05-04,326698.0,1266.0,512874878.0,6277547.0
2022-05-05,346233.0,1880.0,513221111.0,6279427.0
2022-05-06,366715.0,1930.0,513587826.0,6281357.0
2022-05-07,375760.0,1471.0,513963586.0,6282828.0
2022-05-08,1694765.0,3855.0,515658351.0,6286683.0
2022-05-09,282341.0,1092.0,515940692.0,6287775.0
2022-05-10,282568.0,821.0,516223260.0,6288596.0
2022-05-11,414791.0,1225.0,516638051.0,6289821.0
2022-05-12,423444.0,1648.0,517061495.0,6291469.0
2022-05-13,434275.0,1582.0,517495770.0,6293051.0
2022-05-14,386125.0,1338.0,517881823.0,6294389.0
2022-05-15,1740705.0,3495.0,519622528.0,6297884.0
2022-05-16,278085.0,1034.0,519900613.0,6298918.0
2022-05-17,270175.0,830.0,520170788.0,6299748.0
2022-05-18,431298.0,1267.0,520602086.0,6301015.0
2022-05-19,452394.0,1516.0,521054480.0,6302531.0
2022-05-20,435511.0,1430.0,521489991.0,6303961.0
2022-05-21,380722.0,1130.0,521870713.0,6305091.0
2022-05-22,1533903.0,3173.0,523404616.0,6308264.0
2022-05-23,252692.0,859.0,523657308.0,6309123.0
2022-05-24,276933.0,818.0,523934241.0,6309941.0
2022-05-25,380959.0,1272.0,524315200.0,6311212.0
2022-05-26,417368.0,1582.0,524732568.0,6312794.0
2022-05-27,404259.0,1616.0,525136827.0,6314410.0
2022-05-28,374224.0,1317.0,525511051.0,6315727.0
2022-05-29,1280454.0,2873.0,526791505.0,6318600.0
2022-05-30,241593.0,905.0,527033098.0,6319505.0
2022-05-31,232025.0,683.0,527265123.0,6320188.0
2022-06-01,309045.0,1091.0,527574168.0,6321279.0
2022-06-02,430191.0,1309.0,528004359.0,6322588.0
2022-06-03,392226.0,1387.0,528396585.0,6323975.0
2022-06-04,332477.0,1156.0,528729062.0,6325130.0
2022-06-05,1321444.0,2741.0,530050506.0,6327871.0
2022-06-06,216397.0,712.0,530266903.0,6328582.0
2022-06-07,243781.0,775.0,530510684.0,6329357.0
2022-06-08,382514.0,1108.0,530893198.0,6330465.0
2022-06-09,448040.0,1455.0,531341238.0,6331920.0
2022-06-10,416775.0,1680.0,531758013.0,6333600.0
2022-06-11,404903.0,1059.0,532162916.0,6334659.0
2022-06-12,1410697.0,2592.0,533573613.0,6337251.0
2022-06-13,229760.0,790.0,533803327.0,6338041.0
2022-06-14,242192.0,683.0,534045519.0,6338724.0
2022-06-15,390539.0,1045.0,534436058.0,6339769.0
2022-06-16,422085.0,1168.0,534858143.0,6340937.0
2022-06-17,457440.0,1558.0,535315583.0,6342495.0
2022-06-18,409738.0,1140.0,535725321.0,6343304.0
2022-06-19,1618713.0,2782.0,537344034.0,6346086.0
2022-06-20,256293.0,809.0,537600327.0,6346895.0
2022-06-21,257300.0,825.0,537857627.0,6347720.0
2022-06-22,410469.0,913.0,538268096.0,6348633.0
2022-06-23,527273.0,1457.0,538795369.0,6350090.0
2022-06-24,511335.0,1448.0,539306704.0,6351538.0
2022-06-25,505790.0,1722.0,539812494.0,6353260.0
2022-06-26,2123462.0,3228.0,541935956.0,6356488.0
2022-06-27,326018.0,1060.0,542261974.0,6357548.0
2022-06-28,311382.0,728.0,542573356.0,6358276.0
2022-06-29,485660.0,1113.0,543059016.0,6359389.0
2022-06-30,621371.0,1604.0,543680387.0,6360993.0
2022-07-01,590259.0,1495.0,544270646.0,6362488.0
2022-07-02,609178.0,1695.0,544879824.0,6364183.0
2022-07-03,2337563.0,3651.0,547217387.0,6367834.0
2022-07-04,635566.0,1114.0,547852953.0,6368948.0
2022-07-05,335760.0,822.0,548188713.0,6369770.0
2022-07-06,569969.0,1057.0,548758682.0,6370827.0
2022-07-07,679896.0,1661.0,549438578.0,6372488.0
2022-07-08,683830.0,1845.0,550122408.0,6374333.0
2022-07-09,693921.0,1891.0,550816329.0,6376224.0
2022-07-10,2742615.0,4086.0,553558944.0,6380310.0
2022-07-11,742489.0,1278.0,554301433.0,6381588.0
2022-07-12,421890.0,944.0,554723323.0,6382532.0
2022-07-13,725224.0,1477.0,555448547.0,6384009.0
2022-07-14,778210.0,1885.0,556226757.0,6385894.0
2022-07-15,772831.0,2076.0,556999588.0,6387970.0
2022-07-16,794863.0,2085.0,557794451.0,6390055.0
2022-07-17,2742636.0,4910.0,560537087.0,6394965.0
2022-07-18,835784.0,1466.0,561372871.0,6396431.0
2022-07-19,463175.0,1186.0,561836046.0,6397617.0
2022-07-20,732596.0,1656.0,562568642.0,6399273.0
2022-07-21,811025.0,2214.0,563379667.0,6401487.0
2022-07-22,831758.0,2239.0,564211425.0,6403726.0
2022-07-23,864318.0,2434.0,565075743.0,6406160.0
2022-07-24,2634611.0,5368.0,567710354.0,6411528.0
2022-07-25,914147.0,1856.0,568624501.0,6413384.0
2022-07-26,555914.0,1347.0,569180415.0,6414731.0
2022-07-27,796960.0,1839.0,569977375.0,6416570.0
2022-07-28,831343.0,2212.0,570808718.0,6418782.0
2022-07-29,849646.0,2237.0,571658364.0,6421019.0
2022-07-30,856321.0,2661.0,572514685.0,6423680.0
2022-07-31,2400018.0,5573.0,574914703.0,6429253.0
2022-08-01,794962.0,1489.0,575709665.0,6430742.0
2022-08-02,539224.0,1334.0,576248889.0,6432076.0
2022-08-03,782930.0,2025.0,577031819.0,6434101.0
2022-08-04,822649.0,2335.0,577854468.0,6436436.0
2022-08-05,1225361.0,2230.0,579079829.0,6438666.0
2022-08-06,823825.0,2679.0,579903654.0,6441345.0
2022-08-07,1956184.0,5058.0,581859838.0,6446403.0
2022-08-08,707937.0,1596.0,582567775.0,6447999.0
2022-08-09,535873.0,1422.0,583103648.0,6449421.0
2022-08-10,739024.0,1928.0,583842672.0,6451349.0
2022-08-11,777771.0,2658.0,584620443.0,6454007.0
2022-08-12,796069.0,2231.0,585416512.0,6456238.0
2022-08-13,751356.0,2609.0,586167868.0,6458847.0
2022-08-14,1444356.0,4863.0,587612224.0,6463710.0
2022-08-15,612933.0,1581.0,588225157.0,6465291.0
2022-08-16,424377.0,1312.0,588649534.0,6466603.0
2022-08-17,687466.0,1921.0,589337000.0,6468524.0
2022-08-18,775278.0,2250.0,590112278.0,6470774.0
2022-08-19,776032.0,2366.0,590888310.0,6473140.0
2022-08-20,779411.0,2497.0,591667721.0,6475637.0
2022-08-21,1330494.0,4047.0,592998215.0,6479684.0
2022-08-22,595684.0,1506.0,593593899.0,6481190.0
2022-08-23,527653.0,1380.0,594121552.0,6482570.0
2022-08-24,651632.0,1848.0,594773184.0,6484418.0
2022-08-25,708930.0,2160.0,595482114.0,6486578.0
2022-08-26,700129.0,2268.0,596182243.0,6488846.0
2022-08-27,641128.0,2297.0,596823371.0,6491143.0
2022-08-28,940462.0,3732.0,597763833.0,6494875.0
2022-08-29,651222.0,1385.0,598415055.0,6496260.0
2022-08-30,416560.0,1282.0,598831615.0,6497542.0
2022-08-31,552336.0,1698.0,599383951.0,6499240.0
2022-09-01,593895.0,2062.0,599977846.0,6501302.0
2022-09-02,586821.0,2091.0,600564667.0,6503393.0
2022-09-03,542714.0,2245.0,601107381.0,6505638.0
2022-09-04,946136.0,3150.0,602053517.0,6508788.0
2022-09-05,395749.0,1277.0,602449266.0,6510065.0
2022-09-06,356494.0,1149.0,602805760.0,6511214.0
2022-09-07,406097.0,1187.0,603211857.0,6512401.0
2022-09-08,531489.0,1706.0,603743346.0,6514107.0
2022-09-09,473157.0,1623.0,604216503.0,6515730.0
2022-09-10,351030.0,1739.0,604567533.0,6517469.0
2022-09-11,755267.0,2718.0,605322800.0,6520187.0
2022-09-12,536187.0,1035.0,605858987.0,6521222.0
2022-09-13,289122.0,954.0,606148109.0,6522176.0
2022-09-14,450789.0,1248.0,606598898.0,6523424.0
2022-09-15,446109.0,1529.0,607045007.0,6524953.0
2022-09-16,445016.0,1786.0,607490023.0,6526739.0
2022-09-17,367806.0,1876.0,607857829.0,6528615.0
2022-09-18,860675.0,2303.0,608718504.0,6530918.0
2022-09-19,449122.0,817.0,609167626.0,6531735.0
2022-09-20,262319.0,763.0,609429945.0,6532498.0
2022-09-21,359639.0,1128.0,609789584.0,6533626.0
2022-09-22,335890.0,1515.0,610125474.0,6535141.0
2022-09-23,397275.0,1436.0,610522749.0,6536577.0
2022-09-24,409091.0,1881.0,610931840.0,6538458.0
2022-09-25,1004957.0,2571.0,611936797.0,6541029.0
2022-09-26,268309.0,678.0,612205106.0,6541707.0
2022-09-27,259083.0,777.0,612464189.0,6542484.0
2022-09-28,301466.0,1079.0,612765655.0,6543563.0
2022-09-29,359719.0,1251.0,613125374.0,6544814.0
2022-09-30,362454.0,1925.0,613487828.0,6546739.0
2022-10-01,423611.0,1610.0,613911439.0,6548349.0
2022-10-02,1256094.0,2889.0,615167533.0,6551238.0
2022-10-03,218191.0,951.0,615385724.0,6552189.0
2022-10-04,186861.0,814.0,615572585.0,6553003.0
2022-10-05,341005.0,1059.0,615913590.0,6554062.0
2022-10-06,330105.0,1366.0,616243695.0,6555428.0
2022-10-07,326074.0,1721.0,616569769.0,6557149.0
2022-10-08,376731.0,1682.0,616946500.0,6558831.0
2022-10-09,1439598.0,3596.0,618386098.0,6562427.0
2022-10-10,216236.0,807.0,618602334.0,6563234.0
2022-10-11,185537.0,784.0,618787871.0,6564018.0
2022-10-12,323178.0,1035.0,619111049.0,6565053.0
2022-10-13,322559.0,1258.0,619433608.0,6566311.0
2022-10-14,321450.0,1516.0,619755058.0,6567827.0
2022-10-15,329812.0,1752.0,620084870.0,6569579.0
2022-10-16,1476777.0,3729.0,621561647.0,6573308.0
2022-10-17,215951.0,765.0,621777598.0,6574073.0
2022-10-18,198743.0,728.0,621976341.0,6574801.0
2022-10-19,311635.0,1235.0,622287976.0,6576036.0
2022-10-20,283157.0,1315.0,622571133.0,6577351.0
2022-10-21,226148.0,821.0,622797281.0,6578172.0
2022-10-22,423540.0,3387.0,623220821.0,6581559.0
2022-10-23,1238438.0,3581.0,624459259.0,6585140.0
2022-10-24,175259.0,651.0,624634518.0,6585791.0
2022-10-25,190074.0,653.0,624824592.0,6586444.0
2022-10-26,257054.0,1015.0,625081646.0,6587459.0
2022-10-27,231005.0,811.0,625312651.0,6588270.0
2022-10-28,474683.0,3926.0,625787334.0,6592196.0
2022-10-29,282911.0,1237.0,626070245.0,6593433.0
2022-10-30,923417.0,3210.0,626993662.0,6596643.0
2022-10-31,175439.0,662.0,627169101.0,6597305.0
2022-11-01,207398.0,663.0,627376499.0,6597968.0
2022-11-02,260392.0,2143.0,627636891.0,6600111.0
2022-11-03,225131.0,746.0,627861928.0,6600857.0
2022-11-04,482769.0,3136.0,628344697.0,6603993.0
2022-11-05,256623.0,1178.0,628601320.0,6605171.0
2022-11-06,726913.0,2636.0,629328233.0,6607807.0
2022-11-07,193735.0,716.0,629521968.0,6608523.0
2022-11-08,248400.0,641.0,629770368.0,6609164.0
2022-11-09,190489.0,690.0,629960857.0,6609854.0
2022-11-10,270956.0,799.0,630231813.0,6610653.0
2022-11-11,542141.0,3078.0,630773954.0,6613731.0
2022-11-12,344012.0,1059.0,631117966.0,6614790.0
2022-11-13,699423.0,2523.0,631817389.0,6617313.0
2022-11-14,226898.0,657.0,632044287.0,6617970.0
2022-11-15,280643.0,680.0,632324181.0,6618650.0
2022-11-16,309667.0,726.0,632633848.0,6619376.0
2022-11-17,274327.0,783.0,632908175.0,6620159.0
2022-11-18,463926.0,2963.0,633372101.0,6623122.0
2022-11-19,384451.0,1032.0,633756552.0,6624154.0
2022-11-20,742871.0,2521.0,634499423.0,6626675.0
2022-11-21,250603.0,688.0,634750026.0,6627363.0
2022-11-22,278285.0,619.0,635028311.0,6627982.0
2022-11-23,354404.0,777.0,635382715.0,6628759.0
2022-11-24,257272.0,925.0,635639987.0,6629684.0
2022-11-25,505334.0,3568.0,636145321.0,6633252.0
2022-11-26,453771.0,1075.0,636599092.0,6634327.0
2022-11-27,877943.0,2565.0,637477035.0,6636892.0
2022-11-28,263872.0,742.0,637740907.0,6637634.0
2022-11-29,305749.0,837.0,638046656.0,6638471.0
2022-11-30,358261.0,883.0,638404917.0,6639354.0
2022-12-01,346684.0,825.0,638751601.0,6640179.0
2022-12-02,639608.0,2684.0,639391209.0,6642863.0
2022-12-03,335306.0,1269.0,639726515.0,6644132.0
2022-12-04,987527.0,2898.0,640714042.0,6647030.0
2022-12-05,301977.0,881.0,641016019.0,6647911.0
2022-12-06,307207.0,827.0,641323226.0,6648738.0
2022-12-07,387611.0,1092.0,641710837.0,6649830.0
2022-12-08,422872.0,1116.0,642133709.0,6650946.0
2022-12-09,832899.0,4228.0,642966608.0,6655174.0
2022-12-10,798192.0,1352.0,643764800.0,6656526.0
2022-12-11,1564400.0,3312.0,645329200.0,6659838.0
2022-12-12,1070966.0,1047.0,646400166.0,6660885.0
2022-12-13,1228364.0,1011.0,647628530.0,6661896.0
2022-12-14,1478662.0,1344.0,649107192.0,6663240.0
2022-12-15,1564016.0,1074.0,650671208.0,6664314.0
2022-12-16,2667065.0,4259.0,653338273.0,6668573.0
2022-12-17,2696967.0,1698.0,656035240.0,6670271.0
2022-12-18,4271457.0,4266.0,660306697.0,6674537.0
2022-12-19,4364831.0,1435.0,664671528.0,6675972.0
2022-12-20,5444146.0,1415.0,670115674.0,6677387.0
2022-12-21,6336738.0,1812.0,676452412.0,6679199.0
2022-12-22,6843175.0,2050.0,683295587.0,6681249.0
2022-12-23,7852908.0,5095.0,691148495.0,6686344.0
2022-12-24,6727748.0,2712.0,697876243.0,6689056.0
2022-12-25,6666659.0,5797.0,704542902.0,6694853.0
2022-12-26,4942856.0,2527.0,709485758.0,6697380.0
2022-12-27,4866848.0,2009.0,714352606.0,6699389.0
2022-12-28,4812477.0,3167.0,719165083.0,6702556.0
2022-12-29,3730492.0,3554.0,722895575.0,6706110.0
2022-12-30,3708597.0,6662.0,726604172.0,6712772.0
2022-12-31,2783467.0,6650.0,729387639.0,6719422.0
2023-01-01,2887955.0,7808.0,732275594.0,6727230.0
2023-01-02,1837591.0,5218.0,734113185.0,6732448.0
2023-01-03,1470316.0,5169.0,735583501.0,6737617.0
2023-01-04,1633605.0,5567.0,737217106.0,6743184.0
2023-01-05,1508037.0,812.0,738725143.0,6743996.0
2023-01-06,1873245.0,3590.0,740598388.0,6747586.0
2023-01-07,1273749.0,1183.0,741872137.0,6748769.0
2023-01-08,1383456.0,3029.0,743255593.0,6751798.0
2023-01-09,881614.0,676.0,744137207.0,6752474.0
2023-01-10,598636.0,511.0,744735843.0,6752985.0
2023-01-11,618467.0,751.0,745354310.0,6753736.0
2023-01-12,640395.0,554.0,745994705.0,6754290.0
2023-01-13,1023267.0,5062.0,747017972.0,6759352.0
2023-01-14,495337.0,1105.0,747513309.0,6760457.0
2023-01-15,629229.0,2236.0,748142538.0,6762693.0
2023-01-16,370279.0,625.0,748512817.0,6763318.0
2023-01-17,237845.0,475.0,748750662.0,6763793.0
2023-01-18,352793.0,527.0,749103455.0,6764320.0
2023-01-19,325724.0,537.0,749429179.0,6764857.0
2023-01-20,582803.0,4365.0,750011982.0,6769222.0
2023-01-21,273776.0,1253.0,750285758.0,6770475.0
2023-01-22,371662.0,1935.0,750657420.0,6772410.0
2023-01-23,170065.0,460.0,750827485.0,6772870.0
2023-01-24,107807.0,370.0,750935292.0,6773240.0
2023-01-25,177453.0,447.0,751112745.0,6773687.0
2023-01-26,191300.0,486.0,751304045.0,6774173.0
2023-01-27,459317.0,4321.0,751763362.0,6778494.0
2023-01-28,163100.0,717.0,751926462.0,6779211.0
2023-01-29,290451.0,1598.0,752216913.0,6780809.0
2023-01-30,134990.0,372.0,752351903.0,6781181.0
2023-01-31,66297.0,364.0,752418200.0,6781545.0
2023-02-01,176142.0,57167.0,752594342.0,6838712.0
2023-02-02,130044.0,1143.0,752724386.0,6839855.0
2023-02-03,432640.0,7699.0,753157026.0,6847554.0
2023-02-04,178343.0,1002.0,753335369.0,6848556.0
2023-02-05,267175.0,1941.0,753602544.0,6850497.0
2023-02-06,107668.0,626.0,753710212.0,6851123.0
2023-02-07,83529.0,545.0,753793617.0,6851668.0
2023-02-08,134354.0,662.0,753927971.0,6852330.0
2023-02-09,133895.0,1611.0,754061866.0,6853940.0
2023-02-10,407546.0,4045.0,754469412.0,6857985.0
2023-02-11,124717.0,870.0,754594129.0,6858855.0
2023-02-12,255716.0,1746.0,754849845.0,6860601.0
2023-02-13,90227.0,441.0,754940072.0,6861042.0
2023-02-14,71703.0,474.0,755011775.0,6861516.0
2023-02-15,135039.0,699.0,755146814.0,6862215.0
2023-02-16,108693.0,688.0,755255507.0,6862903.0
2023-02-17,357749.0,3471.0,755613256.0,6866374.0
2023-02-18,99294.0,808.0,755712550.0,6867182.0
2023-02-19,283037.0,1960.0,755995587.0,6869142.0
2023-02-20,98128.0,398.0,756093715.0,6869540.0
2023-02-21,65792.0,419.0,756159507.0,6869959.0
2023-02-22,99425.0,490.0,756258932.0,6870449.0
2023-02-23,97532.0,465.0,756356464.0,6870914.0
2023-02-24,93925.0,725.0,756450389.0,6871639.0
2023-02-25,352396.0,3398.0,756802785.0,6875037.0
2023-02-26,265614.0,1877.0,757068399.0,6876914.0
2023-02-27,123569.0,422.0,757191968.0,6877336.0
2023-02-28,57299.0,411.0,757249267.0,6877747.0
2023-03-01,99334.0,487.0,757348601.0,6878234.0
2023-03-02,100269.0,525.0,757448870.0,6878759.0
2023-03-03,101783.0,541.0,757550653.0,6879300.0
2023-03-04,306384.0,2992.0,757857037.0,6882292.0
2023-03-05,239782.0,1627.0,758096819.0,6883919.0
2023-03-06,126509.0,462.0,758223328.0,6884381.0
2023-03-07,58166.0,361.0,758281494.0,6884742.0
2023-03-08,86647.0,439.0,758368141.0,6885181.0
2023-03-09,82821.0,466.0,758450962.0,6885647.0
2023-03-10,77206.0,392.0,758528168.0,6886039.0
2023-03-11,248579.0,2608.0,758776747.0,6888647.0
2023-03-12,214896.0,1614.0,758991643.0,6890261.0
2023-03-13,159888.0,716.0,759151531.0,6890977.0
2023-03-14,57316.0,419.0,759208847.0,6891396.0
2023-03-15,83256.0,474.0,759292103.0,6891870.0
2023-03-16,80749.0,372.0,759372852.0,6892242.0
2023-03-17,68006.0,436.0,759440858.0,6892678.0
2023-03-18,208939.0,2425.0,759649797.0,6895103.0
2023-03-19,221068.0,1782.0,759870865.0,6896885.0
2023-03-20,153600.0,683.0,760024465.0,6897568.0
2023-03-21,53703.0,405.0,760078168.0,6897973.0
2023-03-22,67754.0,428.0,760145922.0,6898401.0
2023-03-23,64959.0,462.0,760210881.0,6898863.0
2023-03-24,62836.0,361.0,760273717.0,6899224.0
2023-03-25,225816.0,2625.0,760499533.0,6901849.0
2023-03-26,204469.0,1747.0,760704002.0,6903596.0
2023-03-27,95707.0,452.0,760799709.0,6904048.0
2023-03-28,44790.0,341.0,760844499.0,6900869.0
2023-03-29,62716.0,382.0,760907215.0,6901251.0
2023-03-30,114280.0,690.0,761021495.0,6901941.0
2023-03-31,49933.0,447.0,761071428.0,6902388.0
2023-04-01,233684.0,2254.0,761305112.0,6904642.0
2023-04-02,198424.0,1493.0,761503536.0,6906135.0
2023-04-03,106535.0,374.0,761610071.0,6906509.0
2023-04-04,35455.0,230.0,761645525.0,6906718.0
2023-04-05,54194.0,288.0,761699719.0,6907006.0
2023-04-06,54351.0,365.0,761754070.0,6907371.0
2023-04-07,49705.0,244.0,761803775.0,6907615.0
2023-04-08,48160.0,335.0,761851935.0,6907950.0
2023-04-09,352663.0,3806.0,762204598.0,6911756.0
2023-04-10,93569.0,385.0,762298167.0,6912141.0
2023-04-11,37040.0,239.0,762335207.0,6912380.0
2023-04-12,51731.0,356.0,762386938.0,6912736.0
2023-04-13,58920.0,299.0,762445858.0,6913035.0
2023-04-14,56609.0,299.0,762502467.0,6913334.0
2023-04-15,53583.0,354.0,762556050.0,6913688.0
2023-04-16,343365.0,3310.0,762899410.0,6916998.0
2023-04-17,112991.0,403.0,763012401.0,6917401.0
2023-04-18,44704.0,263.0,763057105.0,6917664.0
2023-04-19,62700.0,285.0,763119805.0,6917949.0
2023-04-20,62962.0,353.0,763182767.0,6918302.0
2023-04-21,60029.0,285.0,763242796.0,6918587.0
2023-04-22,57511.0,252.0,763300307.0,6918839.0
2023-04-23,336718.0,3432.0,763637025.0,6922271.0
2023-04-24,112239.0,423.0,763749264.0,6922694.0
2023-04-25,41681.0,266.0,763790945.0,6922960.0
2023-04-26,60253.0,267.0,763851198.0,6923227.0
2023-04-27,57346.0,272.0,763908544.0,6923499.0
2023-04-28,57305.0,294.0,763965849.0,6923793.0
2023-04-29,55984.0,279.0,764021833.0,6924072.0
2023-04-30,299803.0,2933.0,764321636.0,6927005.0
2023-05-01,105365.0,361.0,764427001.0,6927366.0
2023-05-02,38904.0,222.0,764465905.0,6927588.0
2023-05-03,56434.0,245.0,764522339.0,6927833.0
2023-05-04,60988.0,266.0,764583327.0,6928099.0
2023-05-05,52245.0,253.0,764635572.0,6928352.0
2023-05-06,40466.0,262.0,764676038.0,6928614.0
2023-05-07,255044.0,3116.0,764931082.0,6931729.0
2023-05-08,124957.0,363.0,765056039.0,6932092.0
2023-05-09,46757.0,209.0,765102796.0,6932301.0
2023-05-10,42421.0,207.0,765145217.0,6932508.0
2023-05-11,37853.0,207.0,765183070.0,6932715.0
2023-05-12,39403.0,181.0,765222473.0,6932896.0
2023-05-13,36268.0,241.0,765258741.0,6933137.0
2023-05-14,239241.0,3656.0,765497982.0,6936793.0
2023-05-15,113112.0,348.0,765611094.0,6937141.0
2023-05-16,36499.0,970.0,765647593.0,6938111.0
2023-05-17,38225.0,144.0,765685818.0,6938255.0
2023-05-18,34452.0,171.0,765720270.0,6938426.0
2023-05-19,30956.0,131.0,765751226.0,6938557.0
2023-05-20,29373.0,213.0,765780599.0,6938770.0
2023-05-21,89263.0,876.0,765869862.0,6939646.0
2023-05-22,120320.0,391.0,765990182.0,6940037.0
2023-05-23,32739.0,939.0,766022921.0,6940976.0
2023-05-24,34714.0,140.0,766057635.0,6941116.0
2023-05-25,30147.0,209.0,766087782.0,6941325.0
2023-05-26,28546.0,88.0,766116328.0,6941413.0
2023-05-27,27242.0,155.0,766143570.0,6941506.0
2023-05-28,73340.0,872.0,766216910.0,6942378.0
2023-05-29,95562.0,313.0,766312472.0,6942691.0
2023-05-30,41869.0,812.0,766354341.0,6943503.0
2023-05-31,31793.0,85.0,766386134.0,6943588.0
2023-06-01,33524.0,85.0,766419558.0,6943673.0
2023-06-02,25989.0,141.0,766445547.0,6943814.0
2023-06-03,12574.0,181.0,766458101.0,6943995.0
2023-06-04,48853.0,795.0,766506864.0,6944790.0
2023-06-05,104522.0,323.0,766611386.0,6945113.0
2023-06-06,7966.0,761.0,766619352.0,6945874.0
2023-06-07,32635.0,98.0,766651987.0,6945967.0
2023-06-08,22513.0,78.0,766674500.0,6946045.0
2023-06-09,25419.0,81.0,766699919.0,6946126.0
2023-06-10,29591.0,128.0,766729508.0,6946254.0
2023-06-11,57944.0,925.0,766787452.0,6947179.0
2023-06-12,81906.0,212.0,766869358.0,6947391.0
2023-06-13,11117.0,713.0,766880475.0,6948104.0
2023-06-14,4642.0,53.0,766885117.0,6948157.0
2023-06-15,4149.0,68.0,766889266.0,6948225.0
2023-06-16,3882.0,62.0,766893148.0,6948287.0
2023-06-17,6820.0,125.0,766899968.0,6948412.0
2023-06-18,30408.0,623.0,766930376.0,6949035.0
2023-06-19,157578.0,205.0,767087954.0,6949240.0
2023-06-20,5571.0,664.0,767093525.0,6949904.0
2023-06-21,3506.0,47.0,767097031.0,6949951.0
2023-06-22,3096.0,42.0,767100127.0,6949993.0
2023-06-23,4479.0,40.0,767104606.0,6950033.0
2023-06-24,4449.0,161.0,767109055.0,6950194.0
2023-06-25,26358.0,409.0,767135413.0,6950603.0
2023-06-26,151023.0,186.0,767286436.0,6950789.0
2023-06-27,5023.0,623.0,767291459.0,6951412.0
2023-06-28,2528.0,36.0,767293987.0,6951448.0
2023-06-29,2418.0,34.0,767296405.0,6951482.0
2023-06-30,2594.0,18.0,767298999.0,6951500.0
2023-07-01,3336.0,73.0,767302335.0,6951573.0
2023-07-02,9564.0,171.0,767311899.0,6951744.0
2023-07-03,160424.0,259.0,767471771.0,6952003.0
2023-07-04,8868.0,570.0,767480639.0,6952573.0
2023-07-05,1771.0,25.0,767482410.0,6952598.0
2023-07-06,1773.0,21.0,767484183.0,6952619.0
2023-07-07,1741.0,23.0,767485924.0,6952642.0
2023-07-08,2666.0,47.0,767488590.0,6952689.0
2023-07-09,5684.0,125.0,767494274.0,6952814.0
2023-07-10,184208.0,138.0,767678482.0,6952952.0
2023-07-11,3894.0,579.0,767682271.0,6953531.0
2023-07-12,1959.0,33.0,767684230.0,6953564.0
2023-07-13,1767.0,17.0,767685997.0,6953581.0
2023-07-14,1778.0,18.0,767687775.0,6953599.0
2023-07-15,2201.0,50.0,767689976.0,6953649.0
2023-07-16,5763.0,97.0,767695739.0,6953746.0
2023-07-17,231312.0,218.0,767927051.0,6953888.0
2023-07-18,3760.0,623.0,767930811.0,6954511.0
2023-07-19,2024.0,26.0,767932835.0,6954537.0
2023-07-20,1928.0,25.0,767934762.0,6954562.0
2023-07-21,1971.0,20.0,767936733.0,6954582.0
2023-07-22,2553.0,23.0,767939286.0,6954605.0
2023-07-23,6601.0,83.0,767945887.0,6954688.0
2023-07-24,291451.0,234.0,768237338.0,6954922.0
2023-07-25,7119.0,660.0,768244457.0,6955582.0
2023-07-26,2275.0,20.0,768246732.0,6955602.0
2023-07-27,2159.0,20.0,768248891.0,6955622.0
2023-07-28,2199.0,30.0,768251090.0,6955652.0
2023-07-29,2730.0,29.0,768253796.0,6955681.0
2023-07-30,9089.0,109.0,768262884.0,6955790.0
2023-07-31,337502.0,307.0,768600386.0,6956097.0
2023-08-01,339811.0,778.0,768940197.0,6956875.0
2023-08-02,3028.0,237.0,768943225.0,6957112.0
2023-08-03,2886.0,38.0,768946111.0,6957150.0
2023-08-04,3127.0,39.0,768949238.0,6957189.0
2023-08-05,3446.0,39.0,768952684.0,6957228.0
2023-08-06,11868.0,130.0,768964552.0,6957358.0
2023-08-07,36900.0,118.0,769001452.0,6957476.0
2023-08-08,71153.0,928.0,769072605.0,6958374.0
2023-08-09,3300.0,43.0,769075745.0,6958417.0
2023-08-10,3029.0,31.0,769078774.0,6958448.0
2023-08-11,3290.0,36.0,769082064.0,6958484.0
2023-08-12,3777.0,67.0,769085825.0,6958551.0
2023-08-13,12663.0,130.0,769098488.0,6958681.0
2023-08-14,301251.0,293.0,769334660.0,6958974.0
2023-08-15,10446.0,1056.0,769345106.0,6960030.0
2023-08-16,3713.0,39.0,769348819.0,6960069.0
2023-08-17,2991.0,40.0,769351810.0,6960109.0
2023-08-18,4127.0,51.0,769355937.0,6960160.0
2023-08-19,5213.0,64.0,769361150.0,6960224.0
2023-08-20,15943.0,139.0,769377093.0,6960363.0
2023-08-21,304165.0,286.0,769681258.0,6960649.0
2023-08-22,10912.0,1334.0,769692170.0,6961983.0
2023-08-23,5752.0,51.0,769697922.0,6962034.0
2023-08-24,5231.0,49.0,769703153.0,6962083.0
2023-08-25,4734.0,46.0,769707887.0,6962129.0
2023-08-26,5665.0,67.0,769713552.0,6962196.0
2023-08-27,20399.0,190.0,769733951.0,6962386.0
2023-08-28,278856.0,114.0,770012807.0,6962500.0
2023-08-29,12057.0,1332.0,770024864.0,6963832.0
2023-08-30,6338.0,52.0,770031202.0,6963884.0
2023-08-31,5615.0,59.0,770036817.0,6963943.0
2023-09-01,5820.0,59.0,770042637.0,6964002.0
2023-09-02,6664.0,147.0,770049301.0,6964149.0
2023-09-03,24767.0,161.0,770074068.0,6964310.0
2023-09-04,155100.0,272.0,770229168.0,6964582.0
2023-09-05,15558.0,1493.0,770244726.0,6966075.0
2023-09-06,9295.0,51.0,770254021.0,6966126.0
2023-09-07,8044.0,79.0,770262065.0,6966205.0
2023-09-08,7536.0,82.0,770269601.0,6966287.0
2023-09-09,8478.0,60.0,770278079.0,6966347.0
2023-09-10,29194.0,240.0,770307273.0,6966587.0
2023-09-11,24974.0,164.0,770332247.0,6966751.0
2023-09-12,19541.0,1598.0,770351788.0,6968349.0
2023-09-13,12463.0,62.0,770364251.0,6968411.0
2023-09-14,9898.0,74.0,770374149.0,6968485.0
2023-09-15,8965.0,73.0,770383114.0,6968558.0
2023-09-16,8962.0,77.0,770392076.0,6968635.0
2023-09-17,35773.0,227.0,770427849.0,6968862.0
2023-09-18,23978.0,156.0,770451827.0,6969018.0
2023-09-19,26196.0,1617.0,770478023.0,6970635.0
2023-09-20,12966.0,81.0,770490989.0,6970716.0
2023-09-21,10574.0,79.0,770501557.0,6970795.0
2023-09-22,10920.0,86.0,770512477.0,6970881.0
2023-09-23,9831.0,67.0,770522308.0,6970948.0
2023-09-24,42389.0,267.0,770564697.0,6971215.0
2023-09-25,34493.0,155.0,770599190.0,6971370.0
2023-09-26,31479.0,1724.0,770630669.0,6973094.0
2023-09-27,13618.0,76.0,770644287.0,6973170.0
2023-09-28,12216.0,87.0,770656503.0,6973257.0
2023-09-29,12083.0,87.0,770668586.0,6973344.0
2023-09-30,11437.0,135.0,770680023.0,6973479.0
2023-10-01,42163.0,263.0,770722186.0,6973742.0
2023-10-02,40498.0,308.0,770762684.0,6974050.0
2023-10-03,34524.0,1685.0,770797208.0,6975735.0
2023-10-04,16199.0,88.0,770813407.0,6975823.0
2023-10-05,13276.0,81.0,770826683.0,6975904.0
2023-10-06,11875.0,108.0,770838558.0,6976012.0
2023-10-07,10930.0,102.0,770849488.0,6976114.0
2023-10-08,39849.0,300.0,770889337.0,6976414.0
2023-10-09,35182.0,204.0,770924519.0,6976618.0
2023-10-10,33530.0,1572.0,770958049.0,6978190.0
2023-10-11,13604.0,100.0,770971653.0,6978290.0
2023-10-12,11983.0,108.0,770983636.0,6978398.0
2023-10-13,10525.0,114.0,770994161.0,6978512.0
2023-10-14,9040.0,107.0,771003201.0,6978619.0
2023-10-15,37240.0,362.0,771040434.0,6978981.0
2023-10-16,34756.0,258.0,771075190.0,6979239.0
2023-10-17,35601.0,1698.0,771110791.0,6980937.0
2023-10-18,11398.0,126.0,771122189.0,6981063.0
2023-10-19,9026.0,105.0,771131215.0,6981168.0
2023-10-20,8485.0,128.0,771139700.0,6981296.0
2023-10-21,9183.0,1376.0,771148883.0,6982672.0
2023-10-22,32221.0,363.0,771181104.0,6983035.0
2023-10-23,34398.0,180.0,771215502.0,6983215.0
2023-10-24,42339.0,1532.0,771257841.0,6984747.0
2023-10-25,11393.0,36.0,771269234.0,6984783.0
2023-10-26,9534.0,56.0,771278768.0,6984839.0
2023-10-27,8441.0,51.0,771287209.0,6984890.0
2023-10-28,8416.0,47.0,771295625.0,6984937.0
2023-10-29,27780.0,270.0,771323405.0,6985207.0
2023-10-30,135822.0,878.0,771459227.0,6986090.0
2023-10-31,10185.0,1394.0,771469412.0,6987484.0
2023-11-01,1020.0,3.0,771470432.0,6987487.0
2023-11-02,1016.0,26.0,771471448.0,6987513.0
2023-11-03,704.0,0.0,771472152.0,6987513.0
2023-11-04,1263.0,1.0,771473415.0,6987514.0
2023-11-05,3030.0,70.0,771476445.0,6987584.0
2023-11-06,153560.0,1114.0,771630005.0,6988704.0
2023-11-07,11021.0,1548.0,771641026.0,6990252.0
2023-11-08,822.0,6.0,771641848.0,6990258.0
2023-11-09,888.0,0.0,771642736.0,6990258.0
2023-11-10,734.0,2.0,771643470.0,6990260.0
2023-11-11,1118.0,2.0,771644588.0,6990262.0
2023-11-12,2558.0,39.0,771647146.0,6990301.0
2023-11-13,184649.0,1107.0,771831795.0,6991415.0
2023-11-14,12010.0,1603.0,771843805.0,6993018.0
2023-11-15,865.0,3.0,771844670.0,6993021.0
2023-11-16,948.0,1.0,771845618.0,6993022.0
2023-11-17,827.0,1.0,771846445.0,6993023.0
2023-11-18,1252.0,3.0,771847697.0,6993026.0
2023-11-19,2840.0,30.0,771850537.0,6993056.0
2023-11-20,216502.0,1080.0,772067039.0,6994137.0
2023-11-21,12360.0,1593.0,772079399.0,6995730.0
2023-11-22,77.0,1.0,772079476.0,6995731.0
2023-11-23,227.0,0.0,772079703.0,6995731.0
2023-11-24,134.0,2.0,772079837.0,6995733.0
2023-11-25,860.0,3.0,772080697.0,6995736.0
2023-11-26,3977.0,28.0,772084674.0,6995764.0
2023-11-27,263075.0,1296.0,772347749.0,6997073.0
2023-11-28,10116.0,1910.0,772357865.0,6998983.0
2023-11-29,138.0,0.0,772358003.0,6998983.0
2023-11-30,242.0,2.0,772358245.0,6998985.0
2023-12-01,171.0,0.0,772358416.0,6998985.0
2023-12-02,794.0,14.0,772359210.0,6998999.0
2023-12-03,7184.0,26.0,772366394.0,6999025.0
2023-12-04,306828.0,1429.0,772673222.0,7000459.0
2023-12-05,9778.0,1941.0,772683000.0,7002400.0
2023-12-06,375.0,1.0,772683375.0,7002401.0
2023-12-07,220.0,3.0,772683595.0,7002404.0
2023-12-08,616.0,3.0,772684211.0,7002407.0
2023-12-09,975.0,5.0,772685186.0,7002412.0
2023-12-10,13876.0,24.0,772699062.0,7002436.0
2023-12-11,347883.0,1536.0,773046945.0,7003979.0
2023-12-12,9121.0,1972.0,773056066.0,7005951.0
2023-12-13,262.0,1.0,773056328.0,7005952.0
2023-12-14,1027.0,2.0,773057355.0,7005954.0
2023-12-15,718.0,3.0,773058073.0,7005957.0
2023-12-16,1329.0,8.0,773059402.0,7005965.0
2023-12-17,21435.0,40.0,773080837.0,7006005.0
2023-12-18,320040.0,1442.0,773400877.0,7007457.0
2023-12-19,10436.0,2057.0,773411313.0,7009514.0
2023-12-20,1111.0,7.0,773412424.0,7009521.0
2023-12-21,1245.0,19.0,773413669.0,7009540.0
2023-12-22,1125.0,7.0,773414794.0,7009547.0
2023-12-23,1693.0,14.0,773416487.0,7009561.0
2023-12-24,27155.0,34.0,773443642.0,7009595.0
2023-12-25,227285.0,1338.0,773670927.0,7010941.0
2023-12-26,11205.0,2399.0,773682132.0,7013340.0
2023-12-27,879.0,5.0,773683011.0,7013345.0
2023-12-28,1392.0,7.0,773684403.0,7013352.0
2023-12-29,1248.0,9.0,773685651.0,7013361.0
2023-12-30,1708.0,12.0,773687359.0,7013373.0
2023-12-31,21929.0,43.0,773709288.0,7013416.0
